Login,Password,adress1,addres2,pass1,arrive,depart
Danil,danilov,1 Street,Liberty1,Danil Petrovich,Frankfurt,London
Danil2,danilov2,2 Steet,Liberty2,Danil Ivanovich,London,Frankfurt
Danil31,danilov3,3 Street,Liberty3,Danil Dmitriev,Frankfurt,London
Danil4,danilov4,4 Street,Liberty4,Danil Alexandrovich,London,Frankfurt
Danil5,danilov5,5 Steet,Liberty5,Danil Bogdanovich,Frankfurt,London
Danil6,danilov6,6 Street,Liberty6,Danil Grigorjevich,London,Frankfurt
Danil7,danilov7,7 Street,Liberty7,Danil Igorevich,Frankfurt,London
Danil8,danilov8,8 Steet,Liberty8,Danil Nikolaevich,London,Frankfurt
Danil9,danilov9,9 Street,Liberty9,Danil Denisovich,Frankfurt,London
Danil10,danilov10,10 Street,Liberty10,Danil Vladimirovich,London,Frankfurt